food and water,clothing,shelter,medical suppliers,Latitude,longitude
31180,10186,39344,11233,26.907524,75.739639
43127,10556,81426,36351,12.12,76.68
35499,35898,79500,95025,24.879999,74.629997
46050,95444,76227,29901,16.994444,73.300003
95735,23916,61866,65596,19.155001,72.849998
29943,47081,14226,78105,24.7945,73.055
11035,46164,75948,15190,21.25,81.629997
27459,11909,98917,76691,16.1667,74.833298
48640,20063,26373,18133,26.85,80.949997
65636,69236,83632,89261,28.679079,77.06971
72480,13326,25829,66409,19.07609,72.877426
52427,34607,43648,87118,14.16704,75.040298
44288,17177,67198,36498,26.540457,88.719391
94249,91419,27947,20191,24.633568,87.849251
44200,58864,55847,38960,28.440554,74.493011
52409,61504,19254,57677,24.882618,72.858894
13688,18290,44342,97234,16.779877,74.556374
19957,83679,30881,99663,12.715035,77.281296
73527,94481,65735,69152,13.432515,77.727478
40247,22328,88665,8024,12.651805,77.208946
21787,65975,78577,12366,22.728392,71.637077
96198,52155,17709,75813,9.383452,76.574059
40082,78941,74157,68884,14.623801,75.621788
43661,31057,52636,3921,10.92544,79.838005
27331,9384,74953,20659,15.852792,74.498703
99836,66721,17707,75386,19.354979,84.986732
49968,96272,8043,55397,23.905445,87.52462
37199,68658,11707,49402,20.296059,85.824539
4811,69505,66565,80519,21.105001,71.771645
70357,18689,78366,38979,30.172716,77.299492
61732,21132,7466,19140,25.477585,85.709091
73676,26997,96346,7495,21.045521,75.801094
11029,98311,10533,38930,26.49189,89.5271
32992,10991,46701,36412,8.893212,76.614143
21685,14978,39302,58985,22.430889,87.321487
29820,28336,32036,79795,23.849325,72.126625
69381,45319,53831,83002,11.786253,77.800781
81112,95076,89029,56082,13.583274,76.540154
96780,52838,57895,68663,14.530457,75.801094
90633,78615,18226,59087,18.901457,73.176132
66658,71062,4986,82333,22.96051,88.567406
51741,67877,38063,72045,15.756595,76.192696
34602,26277,51360,74012,22.656015,86.352882
22872,95623,1937,89244,25.989836,79.450035
63465,7739,8076,64379,23.223047,82.87056
46773,49459,17295,2029,19.186354,73.191948
31147,24273,11602,2226,30.525005,75.890121
61273,37902,64290,57901,22.422455,85.760651
82646,88870,12832,7635,18.106659,83.395554
18528,62286,26343,81055,21.190449,81.28492
13322,82929,9326,24447,23.597969,72.969818
41827,14857,29906,11931,28.590361,78.571762
37396,38091,98743,56913,25.369179,85.53006
24448,46770,84488,55371,11.623377,92.726486
6018,54424,90797,8089,24.618393,88.024338
52129,61302,21240,14188,23.546757,74.43383
3812,95313,35936,9342,41.643414,41.6399
87839,828,21311,96149,25.077787,87.900375
11396,94606,28317,64930,29.854263,77.888
9723,32549,46257,80496,14.913181,79.992981
80617,21552,57156,23237,14.413745,77.712616
506,90973,54114,6365,18.101904,78.852074
65370,10275,79108,1669,23.173939,81.565125
7725,57835,67362,91121,15.812074,80.355377
99128,71577,49105,31736,15.764501,79.259491
42297,67975,29004,46297,10.311879,76.331978
30038,7122,52322,1250,21.961946,70.792297
21188,22779,31206,19333,16.544893,81.52124
34500,32289,47454,86274,21.04954,76.532028
74255,77876,99445,96861,26.182245,91.754723
71630,37340,79255,86271,27.897551,77.384117
37618,96878,78801,51430,18.245655,76.505356
86344,37980,27931,11569,23.486839,75.659157
26208,10441,84662,47914,32.041943,75.405334
88694,4712,54384,85896,24.47438,85.688744
14793,24385,32644,47045,23.427221,87.287018
38897,6028,68969,46277,19.487707,75.380768
92887,47131,76594,51213,19.85306,74.000633
83721,31090,25550,76483,15.167409,77.373627
81346,40726,37422,96468,24.417534,88.250343
97635,73503,61588,19724,22.744108,77.736969
6300,5619,71030,15510,14.752805,78.552757
88960,83795,27584,91121,23.520399,87.311897
67434,54004,43724,17414,25.771315,73.323685
37316,52728,19784,88045,28.148735,77.332024
56720,86650,73626,97864,29.138407,76.693245
2042,51833,47514,21765,25.37571,86.474373
64343,40520,51270,5195,20.388794,78.120407
75241,4694,94274,82304,23.669296,86.151115
76332,28306,84882,59191,21.761524,70.627625
38694,69101,96294,28116,22.657402,88.86718
81897,65014,60635,50913,22.700474,88.319069
91626,86994,73148,20536,23.344315,85.296013
4407,60171,44023,70476,14.146319,79.850388
16060,18672,82918,68334,28.078636,80.471588
23529,56319,27651,67126,27.108416,78.584602
59126,29953,35045,20176,9.823619,77.986565
93528,63496,1942,88979,12.946366,79.959244
29386,18953,16944,13890,17.143908,79.623924
89854,18331,45725,76907,13.340881,74.742142
31910,21205,9762,40964,15.478569,78.483093
29026,80711,13198,72211,25.416676,86.129379
60212,34811,42489,9547,21.779188,87.744629
80554,88645,32076,81397,21.164993,81.775307
70881,69177,33907,95196,23.125587,88.546867
7044,38969,3945,59123,22.511976,88.250992
97248,44259,64611,41511,12.695032,78.621887
47735,20873,26286,92999,23.302189,81.356804
99685,24219,22243,98028,9.515625,78.100014
95485,87645,68885,71669,20.484348,86.119194
64419,57373,88846,61219,24.953514,84.011787
42041,2468,6626,57270,21.092159,71.770462
84876,68655,81823,92709,25.563322,84.869804
47815,47324,59468,34134,22.835602,74.255989
51755,65173,76375,14949,29.607981,78.342674
16643,93729,80714,32633,27.122196,84.072235
33029,70782,27329,87234,25.312717,86.490608
73149,13992,49741,9504,25.920074,80.809998
16096,85460,52932,88086,10.365581,77.970657
48405,34771,47797,68900,22.668312,85.625511
64663,60487,38670,18240,21.640575,69.605965
92827,59457,92254,92222,22.663696,87.746803
41208,74288,17131,20869,22.542061,88.318954
27264,80249,54333,56567,12.523731,76.894684
61666,56236,16824,88782,19.990751,72.743675
51287,59891,36990,57626,30.480042,74.518204
98441,32147,12634,11730,12.834174,79.703644
12367,61892,53234,77745,22.633492,74.095993
64786,81337,69927,52093,12.971599,77.594566
64928,53551,62382,83378,29.471397,77.696732
54394,17090,79568,41283,24.916355,79.581184
19775,60528,49794,39981,26.500999,90.535233
99695,71093,85742,91136,31.604889,76.919533
62219,62179,36900,21566,18.125875,76.750969
37000,77539,32220,1114,21.603176,71.222084
96309,88914,88016,11539,28.411331,77.848434
99043,99099,30498,91486,22.34601,87.231972
38710,77153,29446,41894,25.556044,84.660332
99771,4271,91515,77941,27.99502,74.961792
36407,35073,68161,1669,22.086868,79.543488
56147,71608,90383,15425,26.732311,88.410286
86012,65154,71656,74016,12.915605,74.855965
58579,99953,30931,72578,23.9468,88.049713
17780,63724,76846,9948,17.247253,80.151443
1962,82784,64267,62435,21.324196,78.013832
89072,24455,33936,3746,32.564522,75.023148
16522,95529,55123,2565,26.994154,83.034798
89316,71709,89321,64732,20.464079,74.996857
57000,72600,33500,68200,26.811712,79.004692
85717,21045,3276,1851,22.916706,87.070351
29465,84924,60720,63679,27.94908,80.782402
69960,73547,71778,97387,25.35128,85.031143
36712,84809,46175,42430,23.00795,72.553757
74647,28889,82237,7052,26.264776,82.072708
81113,79166,76790,71417,23.012794,87.593948
62340,11218,73036,88961,22.610683,75.680862
84582,35435,42986,8980,25.912968,81.991653
3655,51080,16586,31509,25.584042,83.577019
892,10576,80902,11534,25.564711,83.977745
64161,10998,16493,38685,25.101145,76.513161
65684,46296,79206,8172,19.969227,73.743195
29694,87566,62480,70256,23.99662,85.36911
45708,9026,5193,56880,28.978298,79.399612
88015,63699,56541,30610,20.112093,79.118698
33433,17259,67759,84030,21.812876,80.18383
39312,59736,58642,92247,9.897157,76.713409
53177,46748,86199,4980,17.554356,80.619736
36985,50820,96656,60552,22.369043,87.55442
69024,5134,17280,62450,22.318083,72.618988
92931,70361,20033,79090,17.320486,76.839752
16776,66933,51300,2364,32.110542,76.536224
90666,37873,48867,17811,21.342585,83.624199
82628,66524,26827,68584,25.748695,82.698441
7975,48957,21463,28861,27.570839,81.598022
58355,23053,36385,34125,20.792713,76.694328
60798,54495,21036,83106,15.139393,76.92144
73742,95568,9812,98193,28.730579,77.775879
43698,96281,98228,84319,29.210421,78.96183
92381,17163,59932,17239,26.367811,79.629158
33224,10068,26467,9274,10.784703,76.653145
21984,3491,88649,60490,29.594189,79.653893
99484,36302,93679,47414,22.601292,75.302467
2922,26926,80699,24217,17.437462,78.448288
24441,22431,43159,99694,19.263334,75.752426
38406,91403,92033,84762,16.99708,79.967361
33252,77980,22167,15741,26.57448,91.975243
34664,7500,94200,77488,19.551146,74.928162
35972,57148,22284,78321,21.004194,75.563942
28584,27319,82729,83486,21.109133,82.0979
59405,83093,85738,70882,24.184713,86.302193
6860,54044,76053,50335,25.771103,87.482185
52390,76821,39746,29760,27.703669,76.201195
77415,59566,67256,94157,24.597349,76.16098
31993,92550,69441,1928,28.923548,79.700722
20970,10372,87742,83187,21.191774,81.718285
84627,88650,5828,49031,17.611629,78.08181
66087,54847,30868,46650,26.072067,83.185654
90949,31685,48398,84221,29.320511,73.899399
92132,31557,55490,52077,12.252576,79.416924
18524,68711,49744,32182,25.862968,85.781029
63128,48506,26436,6122,25.758503,84.148911
50446,1574,57722,35625,25.213928,84.989555
52787,31293,25121,97511,25.973787,75.151535
45286,65586,84590,77701,26.702518,77.893394
54420,44150,58659,60444,12.735126,77.829338
14902,42490,10060,57566,28.293783,79.804459
11724,3186,47725,66491,25.436298,78.567352
40529,64351,8449,83063,22.363848,82.73484
87635,71698,10437,61945,16.814524,81.526558
25158,64734,5553,50614,21.097855,81.033707
20135,56292,78577,97938,23.041924,84.540833
24674,28650,98954,67269,27.147869,74.859489
86177,56447,44023,72479,11.477696,77.873886
78218,9466,42373,8753,26.298552,87.265388
80142,76005,27842,69407,12.999464,80.117729
53782,34366,92773,6316,30.704649,76.717873
18284,72726,2348,18371,27.55875,78.662567
61811,73770,84953,78472,23.406979,88.365593
50226,39137,9108,78310,29.903839,73.87719
3701,88503,2546,75422,18.007202,79.558296
74540,12315,35381,16850,18.76182,79.480904
9129,95311,11422,6324,25.949638,83.558647
4642,96166,14802,55121,18.966354,76.748077
68668,69895,97999,71179,31.052128,76.1175
53886,71148,44179,28907,23.426788,72.657074
1630,51484,92042,20980,29.592957,76.119247
82701,78377,915,92171,14.422232,78.226341
8919,20235,43667,56478,19.314962,84.79409
90355,17849,97753,2817,9.077854,77.345184
46092,29150,14731,31273,30.210995,74.945473
25327,74389,1188,42183,22.170424,71.668427
44898,43029,77865,23561,27.036007,88.262672
88189,6441,79464,42193,17.53231,73.517792
93779,37164,73939,83457,29.219677,79.512459
66300,23094,39195,26528,11.744699,79.768021
70954,73807,26553,52257,21.705723,72.998199
50320,40576,8901,30918,25.38727,82.568031
45149,19304,16332,53546,19.925682,74.728477
77059,45874,70818,43495,11.608495,75.591705
32725,73804,71712,19535,26.587299,85.501183
11011,64958,16483,12256,25.017258,85.416161
63703,2805,81420,81041,13.92993,75.5681
73032,64405,39174,14745,26.536938,80.48996
77646,4563,61242,28231,26.437252,91.62011
44632,49142,50928,64200,19.970324,79.30336
96989,88642,66262,81444,24.833271,92.778908
97950,69251,19526,8968,24.68469,92.564339
49787,69587,70461,75328,23.727106,92.717636
90005,97154,31344,85300,22.607672,88.394493
38724,36834,14822,75214,17.006298,74.865372
26096,48981,8561,77992,14.464103,75.921661
91782,88301,76818,11826,22.552437,75.756531
32463,16719,26224,63618,30.81646,75.171707
88628,7909,65136,27512,22.859726,88.404839
59203,3211,55028,94875,31.823462,75.205063
44846,5482,24000,12508,27.387049,79.588127
28968,97240,38321,91526,29.185776,74.771782
90243,89030,51497,91191,23.742628,86.41114
39530,52575,66037,43662,31.527355,75.913673
38251,31199,90429,61882,25.237284,88.783058
58420,72103,83973,94975,26.347883,86.071861
91140,10767,5405,86855,24.043468,78.330353
14285,56407,70156,85929,21.741323,70.28112
83380,26937,28132,60648,29.959694,77.549057
30788,67815,43857,73967,28.667856,77.449791
83216,46902,19812,13424,21.468185,83.975403
20544,60330,43084,15776,25.883495,86.600624
42544,53480,3300,76936,26.880077,93.60833
29637,71268,95001,75292,23.061089,87.992584
74368,45971,97456,30882,16.432983,81.696617
59066,18813,99144,42145,11.072035,76.074005
45646,79727,48600,72503,13.611159,77.51696
70919,41664,65658,37891,13.435455,77.731476
82669,59373,57007,88704,27.472834,94.911964
74916,88566,48115,59131,27.338936,88.606506
8506,51958,15276,36093,25.83087,72.24012
83294,27192,36388,85831,17.928122,79.894531
14185,14645,80946,33171,11.258753,75.780411
3593,82060,9732,81657,26.731142,77.033752
79290,60410,50479,72620,10.959815,79.380898
61990,57809,59588,86349,24.579716,80.832176
39646,11891,17800,36840,22.057163,78.938202
91666,63885,69142,21570,15.505723,80.049919
74369,58946,81387,17739,26.898392,83.979713
44342,54752,65350,56097,20.707228,77.00296
76590,3418,92942,74932,20.492281,74.026009
59186,87206,91854,32233,18.38662,78.802246
52909,30204,27145,20101,28.895515,76.606613
41457,34282,40357,52338,21.2155,86.1222
73396,4884,21908,73391,13.090994,80.224998
78915,72108,16913,59803,31.213682,76.144012
75051,29393,71069,43857,18.794905,78.912872
95625,18075,50957,60841,26.894478,76.334824
86724,25731,46967,90367,28.771646,77.507561
84733,25008,13079,9604,9.512137,77.634087
71556,43121,79829,46413,9.548395,78.591637
17095,88599,77210,72905,26.937834,81.188324
62354,39189,42669,26814,17.440325,78.498894
96334,31832,31596,35467,25.133699,82.56443
79263,93182,94448,41205,11.519588,79.325157
34856,91393,11516,16940,28.128876,75.399506
36916,13977,40949,22388,25.454794,78.133957
64273,84221,33286,84253,9.591441,76.522171
93694,96617,51432,43382,25.42412,77.65799
81833,72866,2604,60862,21.04241,75.063873
75958,8619,81699,3158,23.53344,87.32193
91749,84149,12597,7386,28.080379,80.466644
44802,18935,86393,61315,15.460252,75.010284
74798,11032,47493,35260,20.385181,72.911453
33208,65390,65293,69832,27.159101,78.39576
20252,62458,56988,16730,15.386033,73.84404
77505,85250,36694,94218,23.673944,86.952393
23040,46712,82240,39451,8.959021,77.312935
16577,53617,33348,35374,18.296974,83.896782
72984,27237,20845,43422,13.009711,76.102898
73014,41145,16021,76642,28.29229,74.966583
98467,3646,55143,51711,28.406963,77.849831
20800,57300,75600,31900,20.550573,78.841141
19167,58136,30368,34030,25.168901,86.092987
81976,61711,83226,97401,25.292509,79.872665
76825,7162,76999,74164,29.536535,75.025505
81043,85828,9450,24182,23.174049,88.563934
97975,3878,97378,59189,18.3934,77.113144
66092,22944,10373,59083,23.334169,75.037636
46969,61347,78734,8289,24.620001,74.68
63422,28692,7624,19584,24.685001,83.068352
68762,74069,33014,13976,21.825733,76.35257
72305,77386,56413,57081,20.450474,85.905533
76114,84511,45187,51284,23.586761,72.369949
79610,44868,59201,42481,29.511778,75.455215
92006,47620,79850,69428,25.61853,88.125587
39142,25407,48034,6433,19.206861,73.875801
56934,27789,46184,82953,25.9,81.300003
31225,16578,21242,50647,24.885483,86.920731
74133,32756,72161,49707,20.809378,75.778923
73157,822,78563,28968,20.711622,76.566132
98648,54194,4335,8095,20.149822,76.574036
80025,8716,59244,76175,24.530727,81.29911
27730,43118,59206,56091,29.685629,76.990547
26243,34711,97598,75036,16.709002,74.456078
3980,60715,52777,613,25.19935,85.517609
98462,64342,8424,88280,26.323921,89.451088
69202,6918,11976,9263,24.813967,93.950279
24983,81134,86741,83905,23.125837,72.057442
49655,79732,70927,73410,33.729729,75.14978
69793,8176,77599,14208,15.496777,73.827827
81401,12480,29913,35332,22.554029,72.948936
24133,45404,41341,15824,20.251549,74.438354
28242,90578,16766,44134,20.92207,77.326698
3008,21165,35786,36412,20.634085,79.140388
15662,59326,42923,69723,21.27306,77.523422
73507,87510,86203,91443,21.124857,73.11261
91924,28372,41324,89836,24.696135,84.986954
68152,95005,39560,93521,27.48,95.18
98466,63313,42713,96943,16.504227,75.290932
81861,1856,38702,22061,23.232513,87.863419
36029,97970,96510,43485,13.338263,77.10141
29511,8097,90779,66664,20.127028,85.105057
75807,36014,39960,94327,26.98,94.629997
47054,92836,96264,23088,20.067541,78.958054
13115,42654,29734,88205,14.801439,74.124069
15190,61511,87807,21819,31.379999,75.379997
11092,8263,39680,29065,34.216496,74.771942
89497,60199,39981,24954,24.65,77.32
12882,55906,3053,2000,30.702877,76.220222
36279,43789,86829,45047,16.737509,78.008125
85578,1516,47196,34934,17.05662,79.268333
72226,17420,80646,57288,10.010366,77.476814
21100,4089,35130,90737,16.703285,81.100388
72069,48338,44253,97415,19.912676,77.56691
17912,88514,47411,63472,17.25116,78.437737
65084,79583,62290,51547,19.901054,75.352478
62925,31050,41200,59052,23.233774,87.08725
72562,94688,45490,92259,24.220198,83.035957
39568,90940,99901,45073,17.686001,83.008781
6402,39622,13518,64953,28.452393,77.697205
55222,49053,4045,65869,28.526592,77.290169
86158,46634,97072,74022,13.094454,77.586014
31937,96345,15184,2520,29.582861,80.218185
42942,65581,45868,19104,23.530001,77.82
75498,76897,13588,4838,20.23,79.0
35672,6683,52290,83131,21.719477,73.151009
14645,53499,52903,6939,22.811989,70.823616
32512,73311,11796,95163,23.259933,77.412613
30754,4248,53153,64400,23.829321,91.277847
78085,98189,46031,65340,21.17,79.650002
88672,20474,90612,18868,18.150663,74.576782
66402,30570,18012,91954,27.029617,74.716324
38168,55883,23773,63448,29.398928,76.977081
61455,18999,38875,37949,23.198437,77.095184
86256,18772,91878,77615,13.55,78.5
49388,54550,95659,42548,32.365288,75.59729
72433,80565,62699,86375,24.833946,92.779282
69935,13611,80727,25615,23.242001,69.666931
47933,82115,79923,77615,27.883743,79.912247
7078,88640,18120,70175,26.230299,81.240891
28754,36568,17909,2766,23.795399,86.42704
42244,80537,18471,11950,28.719999,78.279999
98634,26283,92729,48219,23.185884,79.97438
4417,77684,8069,17410,21.546185,74.470009
91105,78077,14172,16158,12.29581,76.639381
17307,46708,68701,91022,12.228628,79.066544
40184,84547,49233,5486,22.395582,87.741882
42926,94401,33188,27011,29.372442,78.135849
51472,75225,87210,4584,30.483997,76.593948
62359,8746,75732,96105,22.762886,78.352478
93970,38410,92795,40054,26.469999,79.519997
82129,5868,12087,64034,28.68,76.919998
58717,10106,73396,60438,11.191447,77.268883
67140,97015,31957,88010,29.962072,76.817825
42595,7717,97572,76495,30.191515,74.497864
35948,31005,7136,10083,28.711969,77.654457
52808,5127,80892,51471,29.316668,76.316666
20210,54853,81637,76679,23.255541,88.437363
27026,26677,2825,54198,8.444186,77.912804
93506,82726,6638,79913,20.937424,77.779549
37081,37524,89053,49510,27.6,78.050003
16574,32804,68612,46072,12.904441,79.31916
10583,56460,19268,8768,28.252222,77.851784
51512,60556,55118,24120,17.518345,78.885956
29282,2272,84689,89102,19.262466,72.974106
11573,72509,61035,44469,22.205206,84.584251
96679,69370,52331,20282,30.403648,74.027962
7701,99178,33690,27320,20.536846,76.18087
86647,54673,67960,69728,28.902397,78.465042
64471,3297,70070,5877,8.603333,77.002777
89617,6055,75103,8626,25.983334,76.366669
44967,51812,33673,47093,21.1,77.059998
7079,76954,53358,4348,19.226662,72.983833
92310,13604,2180,57749,21.494978,86.942657
74470,50981,83158,6138,13.298757,77.540817
14720,25748,27235,82347,11.289087,76.940971
14162,43704,66044,82018,26.743464,88.416252
55932,34657,82428,61062,27.57509,80.663765
98486,33244,45669,98816,23.644524,75.131035
18805,23940,47013,22872,30.370001,75.870003
74998,99697,37637,24647,26.169069,89.180122
6580,95400,89308,20175,19.2094,73.093948
68224,72341,21087,79055,32.265942,75.646873
30069,55039,26533,7319,8.524139,76.936638
31276,11409,79876,51356,26.100735,74.319077
83933,88062,26976,12537,26.449896,74.639915
94297,67726,9894,57544,30.780001,75.480003
46377,45725,29169,18636,28.033709,79.120544
37443,15460,85177,72863,17.674553,75.323723
36983,85208,55758,19070,23.839054,79.441025
46968,59533,50798,26116,13.401969,78.055138
73869,24992,83842,17477,34.202148,74.348259
10507,73244,55217,82587,24.175903,88.280182
41362,32351,7052,20391,17.887518,83.445679
74986,64797,12128,82804,30.34,76.379997
67833,8911,76506,30060,9.939093,76.270523
84255,34956,86832,46113,26.121473,85.368752
67365,38906,8001,1826,13.07,77.800003
36691,98356,89199,55624,22.606001,73.462997
90186,81867,84302,67512,16.989065,82.247467
87287,46338,52427,23796,30.695202,76.854172
82007,67774,86980,40017,28.474388,77.50399
57890,71682,17033,76839,25.98,79.470001
84211,16253,25384,10957,22.030001,74.900002
56202,42193,79023,41818,15.364708,75.123955
21668,16232,77913,76286,30.321989,79.195412
65333,99570,22017,74456,24.482775,86.695175
13009,8612,64545,6494,23.200001,77.080002
50329,83818,80268,48771,10.140487,76.23053
58002,58795,21370,61771,21.116226,72.651802
95966,98937,32749,10582,26.983795,80.92907
22575,70193,67748,88177,16.713512,74.248749
38751,97811,32342,6860,22.94923,88.420921
54222,98011,49520,60601,12.768676,75.207062
63526,15321,69818,65062,30.37818,76.776695
61616,89307,33847,57229,30.678186,74.739555
58037,15161,51669,57456,18.186066,76.041939
40184,11674,9423,58615,16.200829,77.362289
18900,75401,40618,39189,14.23,76.400002
1292,67401,33833,53388,12.311827,76.652985
53884,73416,70748,54532,24.68786,78.412018
59531,88608,44503,87333,23.710348,76.010178
9094,33447,34645,92243,29.448055,77.31028
35694,63325,30889,94585,17.351372,78.565407
51982,11897,55223,27389,13.629065,79.424446
29685,46335,80426,90058,25.923853,73.665131
82481,15115,92931,10318,24.75,84.370003
95748,93113,86578,4016,21.459801,80.195
38583,82335,8174,7680,13.84,75.702003
81238,23367,77630,24690,27.429707,82.176804
92519,22330,30312,90224,25.077787,87.900375
87996,31298,74899,90144,22.008951,81.224342
19899,25458,44714,89126,14.442599,79.986458
69487,40864,73462,39573,18.438555,79.128838
13299,30086,17387,56466,18.74806,73.407219
39391,2135,83820,93797,27.696903,74.452972
95507,55529,59926,30966,18.50989,73.807182
30381,39378,69700,20352,29.94569,78.164246
91984,76224,13806,83818,19.077065,72.998993
22256,98561,4830,88525,28.841064,78.795319
16588,55983,58357,86134,23.18795,82.354164
65093,99026,48983,20819,26.765844,83.364944
98702,19361,91530,1637,26.219622,84.356659
80520,50163,28417,44976,21.85,84.029999
64349,37784,13228,23765,12.981241,80.20945
86061,26922,19693,84635,25.779566,84.749886
20303,95240,21381,97680,21.17024,72.831062
40125,95219,25062,87004,25.67,76.699997
4633,72270,27371,27005,31.22402,75.770798
26482,48008,30749,81358,21.681898,75.094269
47238,77010,20420,99088,20.397373,72.832802
46337,41989,31709,12282,28.065796,76.101479
11311,67464,85909,77635,24.258503,72.190674
24460,70648,63980,17950,30.373674,76.145187
70733,65140,54189,86076,30.642803,76.816902
62218,53192,1150,68191,26.570478,74.674438
15207,61794,69031,77342,28.23801,77.854912
10288,6289,61107,72541,21.9,83.400002
66960,22637,773,52343,22.066673,88.069809
35176,7256,9741,24204,17.92,77.519722
8961,1319,58853,9756,16.4,74.383301
83632,42107,56685,75223,20.709999,81.550003
72289,31776,68617,7092,22.078642,82.152328
71437,74194,96645,97532,19.07,82.029999
35117,90179,70949,912,11.452434,77.693253
84523,97865,32536,28426,26.911661,70.922928
90503,35160,36941,6731,9.04,76.709999
80629,11977,53488,99512,24.098827,88.267929
29886,23237,30914,9320,19.295233,72.854393
52883,18727,21539,24930,18.569937,73.850639
80698,41012,70634,53442,22.726156,88.47496
37723,91296,67495,37985,28.928574,77.091492
58103,67658,43208,85264,20.973513,81.857948
23324,87850,68686,2404,22.655149,88.340553
13531,61090,73098,84563,19.125362,72.999199
44080,18071,49655,62625,27.900383,78.072281
5402,93955,13656,14052,23.29785,72.331001
34327,932,34290,95189,16.17,81.129997
31406,30305,50594,61261,24.92,86.220001
24519,9387,41265,62310,20.817595,72.954918
44581,51260,27872,30263,19.946922,73.765434
44951,48429,92024,38597,22.700001,72.870003
49630,26795,75070,99942,20.349098,76.265289
4821,90121,23194,11322,12.518611,78.213737
5572,71988,88827,55966,9.931233,76.267303
11121,82180,87435,33325,23.833717,80.420609
90737,81065,79978,27015,11.41,76.699997
51562,61812,91043,27478,25.68,85.220001
93445,76387,55561,66202,19.180874,72.857452
33564,3046,6515,44554,14.470586,75.914154
29753,36824,74734,91820,18.920902,73.323097
77706,7164,66788,37769,8.158933,77.336746
44424,89296,10375,40337,10.051969,76.315773
22128,47153,1321,58543,16.827545,75.725327
83725,54263,18222,72892,10.775632,78.69236
71544,7814,39861,67615,25.010841,88.141098
9612,95756,70826,30701,25.155169,75.827248
45394,93301,11762,39559,14.685564,77.595406
58964,25602,2420,5263,24.879999,85.529999
15516,82809,10095,66829,28.027138,73.302155
61156,14458,54356,17900,22.296404,88.120995
73717,39531,86049,51674,19.817743,85.828629
63394,49463,60809,43022,8.699142,77.411041
34681,49362,84268,78149,26.77,82.150002
7888,3283,49675,37123,29.969513,76.878281
9247,88526,32738,50494,26.144358,91.642067
58417,71220,88796,78348,25.393978,81.85405
25621,41168,69575,36751,26.92207,75.778885
16601,64495,2045,83609,21.207769,79.184052
82473,31340,92674,93281,19.044218,72.85598
15563,32848,43446,61252,27.17,75.720001
87329,86339,3556,9980,16.333309,75.28582
96551,63254,30025,27800,22.470701,70.057732
37794,50619,41052,88975,26.006807,92.866402
77929,44730,39584,48252,27.17667,78.008072
13386,2357,27145,20899,26.5,78.0
83382,11717,4104,18210,19.242439,73.120193
38515,31565,47578,56714,28.54619,77.556213
95571,23957,66144,72675,29.102377,75.965996
62264,40344,58733,12828,25.430513,75.649902
62044,40352,36828,83155,23.1793,75.784912
643,63802,78796,40705,12.942621,77.627121
24704,53548,93196,97242,28.535517,77.391029
88882,25682,65281,97708,23.07,88.82
37287,1658,80142,31144,25.874945,87.845551
68798,2145,89493,36904,25.533508,87.583748
43550,85849,56175,38885,26.87063,75.693398
79170,18813,94322,91410,19.116625,72.862358
25439,87638,4332,26833,8.764166,78.134834
1678,77181,4280,91862,10.657274,77.010666
31897,83373,90095,45625,19.21833,72.978088
37529,51496,57316,68961,27.236317,94.09584
70909,43928,51849,53927,11.112119,78.004448
63619,41325,44997,24570,22.3053,74.352501
27444,10984,40603,63038,17.43993,78.498276
73872,78445,57659,55543,13.206524,80.327225
92991,78968,41710,77745,12.498351,78.560196
62803,34807,33139,45784,26.097649,87.942039
98887,79898,53018,46586,26.65,84.916664
80882,15886,95191,22245,21.833525,75.61499
71247,14887,51175,75696,22.950001,79.199997
54459,8645,94432,32245,26.757874,94.209824
96560,32645,51969,96383,20.462521,85.882988
7817,58468,21485,85412,17.414364,78.574493
44330,43288,34089,23935,22.310696,73.192635
18212,20336,84741,72271,27.615406,75.125885
89686,95662,77351,48292,22.962267,76.050797
21579,58349,33502,67081,27.560932,76.625015
16882,87898,79120,94268,20.560797,74.52507
66353,83214,30322,94502,29.625996,74.287491
84026,94472,53606,23031,30.13059,75.798332
41191,28025,75215,18921,28.375694,79.435959
92538,44486,7170,85111,19.169815,77.319717
49427,42630,42851,43259,21.421173,80.975761
87803,96221,24248,59335,15.371598,75.101166
72138,6157,83333,13440,22.767427,88.388344
78607,6420,28652,87554,27.947819,80.772141
90455,75065,76495,20567,31.326015,75.57618
30911,651,68437,90653,23.23756,72.647781
56506,97598,60757,12062,26.140644,79.355621
50406,51836,73702,50380,30.975254,76.527328
50090,91750,71704,59522,26.115103,91.703239
67112,22369,76293,52659,28.799046,76.133514
2905,37473,59057,66290,13.07279,80.176163
11631,46606,72685,14644,11.378476,77.894493
59352,65547,97785,2040,24.179331,72.426682
90851,84455,12848,23512,8.17445,77.432159
91317,64176,83969,5865,11.017363,76.958885
88704,57629,28021,28853,26.449923,80.331871
50600,93816,15061,24819,19.071556,79.491173
54420,86199,50836,24999,16.867634,74.570389
17862,91665,65856,72665,14.477234,78.804932
42970,93448,5443,86236,18.970057,75.72065
67566,74431,92025,49496,15.834536,78.029366
34626,81104,89217,7307,17.686815,83.218483
12042,41180,91591,29105,8.741222,77.694626
26636,61676,94252,53693,30.751278,76.637192
88409,10195,8838,85294,13.052192,80.212051
98631,32968,73314,85221,21.051182,86.485748
25238,93039,88015,18275,18.033587,75.522079
81927,88483,52962,50735,20.296059,85.824539
79200,78801,48210,31131,19.101053,74.740677
56409,16243,74795,13919,19.674784,78.527382
5745,84444,26129,40485,19.581099,74.205009
40890,82180,48796,36657,26.799999,84.5
39133,78721,65046,48903,10.786999,79.137825
32245,79326,31660,25302,31.63398,74.872261
54346,91242,15544,63900,17.65992,75.906387
7738,15606,4533,41810,26.266701,88.199997
56120,54445,98827,18119,20.1,77.150002
44204,89951,55260,15296,10.379663,78.820847
1883,39770,61704,29365,24.888744,74.626923
92003,80315,94542,48365,30.316496,78.032188
14915,55505,74738,90785,34.556335,76.132507
16623,38686,4018,5736,17.967432,79.588875
91726,25059,94080,46103,16.691307,74.244865
17418,6309,17430,54619,27.207006,73.742294
59688,31987,63250,53518,25.473034,81.878357
26051,96850,48286,23826,17.112427,82.252899
33787,69701,88882,81714,11.874477,75.370369
99045,44842,36142,82279,26.152973,85.901413
87919,25340,61136,16925,12.934968,79.146881
6195,25445,90038,11441,15.588847,73.948036
38801,48114,53526,83414,31.931129,75.894058
10280,20078,87891,71952,25.0667,73.883301
34608,99544,27940,18714,19.620296,74.654655
52376,68432,64221,43811,26.263863,73.008957
95412,85773,8284,51075,22.719568,75.857727
63047,85280,15823,7009,10.065206,76.629128
86731,24792,78527,70051,34.083656,74.797371
52138,64640,50691,10342,25.906267,93.727592
33834,99965,4645,48791,32.896957,74.735489
52843,79847,92846,42892,27.055189,79.918083
51979,27867,39546,22644,28.6448,77.216721
55420,45381,59603,50247,18.407957,76.576767
69332,31745,26657,89439,29.988245,75.379257
26046,68145,46322,47203,31.104605,77.173424
34384,38554,1252,7459,25.321684,82.987289
62314,93774,77827,64211,19.997454,73.789803
5542,58834,87891,73252,22.597921,80.371384
18417,14901,34781,66415,28.535517,77.391029
6870,5127,32089,1054,11.110695,77.348045
56532,68806,32484,5515,13.067439,80.237617
77303,25040,15204,71679,11.004556,76.961632
26328,20130,93470,15786,19.25779,76.773743
11713,38715,36360,46477,28.802958,79.025444
57676,55249,99805,16550,20.54014,73.179214
21490,38067,78796,28884,11.664325,78.146011
81642,21006,77798,52833,12.693933,79.975662
82766,81789,93917,10947,27.492413,77.673676
69269,83352,55568,28036,18.773228,77.725609
40493,20474,87489,59606,20.316135,77.341171
16418,37623,78725,88841,16.515099,80.632095
81203,60387,95443,66270,21.307373,76.230415
99508,65557,93742,34308,9.587209,77.951431
1213,49207,15049,49993,25.346251,74.636383
87090,51582,3319,33191,9.939093,78.121719
48327,30011,59427,35800,25.253391,86.989059
54390,90562,1059,4460,12.922915,80.127457
22003,19000,78330,84345,27.862146,75.254288
68399,1238,2735,10450,30.7076,76.715126
53896,59494,4957,71484,23.342257,86.362839
91807,60465,11379,45179,17.570721,76.569733
28562,86048,34645,56619,19.883301,74.483299
97069,72279,88834,33657,26.218287,78.182831
51417,62388,74045,44181,16.236719,80.647476
11816,15880,78817,71664,30.900965,75.857277
27804,53799,35749,87754,17.691401,74.000938
38036,78724,34360,77074,26.588528,74.872513
70742,61735,88029,38336,28.838299,77.581055
89795,82057,23115,7417,20.501314,79.380173
27401,61941,12369,76073,19.939142,73.536819
67012,88688,50442,66126,18.269781,74.172478
9576,47511,52113,80944,18.344749,74.031715
80651,92398,69170,45897,28.59214,77.046051
63536,77351,20220,56696,19.20928,73.872589
38894,9546,31601,97378,18.992012,75.776138
9639,24715,25298,41252,18.871204,76.535568
14436,16128,3617,56403,11.94596,79.497414
58642,19331,54593,81039,32.732998,74.864273
88640,33564,13775,1140,10.530345,76.214729
45415,30486,35605,97634,17.690474,83.231049
23202,29104,94155,98956,16.314209,80.435028
75321,70569,8174,74852,20.666668,75.23333
717,97869,51285,51190,25.492249,80.336151
44072,80493,36852,47139,23.83403,78.746567
55211,20413,50775,1217,24.827778,87.211388
43084,57709,65671,46715,17.004393,81.783325
76365,61284,9901,92584,14.117532,78.15509
64243,88109,56570,8835,22.59577,88.263641
28629,78972,66751,97148,23.033863,72.585022
21781,80537,99064,44017,30.376251,78.435379
72632,87221,99108,63719,17.38714,78.491684
89310,95311,13094,49397,25.612677,85.158875
9170,50841,66388,81964,30.741482,76.768066
90356,90502,36594,72205,29.151861,75.721123
52265,13543,21281,8583,21.515471,70.456444
20252,95178,11059,2953,22.496063,73.475449
17680,75098,86296,10571,33.872536,74.892853
88904,11924,70817,67241,30.221399,78.780045
84026,10079,22566,29382,13.217096,79.100677
28928,20392,85666,49993,22.671679,88.300209
67264,10717,20050,72265,22.105999,85.387459
63806,44269,46385,73383,19.846811,75.890633
2968,4576,96201,74967,29.309315,78.506248
75459,53948,38300,31133,24.57127,73.691544
65629,66674,659,92613,30.923433,74.610214
59661,94193,35976,92473,19.465622,72.806099
45702,53975,24159,4907,11.916064,79.812325
42533,35000,63363,97193,22.308155,70.800705
34788,86686,69635,89920,26.651218,92.783813
24887,61685,40211,84951,11.74805,75.48938
92244,29497,89287,27377,20.903118,74.774986
14348,58026,54837,42920,30.08716,78.268112
56233,38210,65778,51582,29.162411,79.152168
897,63279,82788,61472,27.133875,81.96199
30979,59565,11592,59662,21.146633,79.08886
48524,86688,96328,34735,28.457523,77.026344
61786,2819,62965,85323,18.516726,73.856255
46580,74438,9602,39080,23.116444,83.196121
83323,32257,61046,29569,21.385311,78.92186
2238,39525,9964,70218,11.342423,77.728165
50584,93727,16537,17413,22.805618,86.20311
898,94214,50800,35496,17.286501,74.181427
71894,9605,53423,26735,12.972442,77.580643
93131,37746,4990,36550,22.4167,74.566704
50726,89509,45485,38372,24.78001,84.981827
91038,50590,77723,94759,22.572645,88.363892
8435,46699,99292,15956,28.984644,77.705956
